{
  "gene": "BRCA1",
  "n_dms_total": 3884,
  "n_evo2_matched": 3884,
  "spearman_rho": 0.5145348263714051,
  "spearman_p": 1.4143099272996285e-261,
  "evo2_mean_delta": -0.0018874551682712857,
  "evo2_std_delta": 0.0025211450978823947,
  "dms_mean": -0.5705886465556786,
  "dms_std": 0.9105429555066935
}