{
  "gene": "CHEK2",
  "n_dms_total": 4885,
  "n_evo2_matched": 4882,
  "spearman_rho": 0.3098291236926321,
  "spearman_p": 4.2039238268819804e-109,
  "evo2_mean_delta": -0.0017725565500896225,
  "evo2_std_delta": 0.001710209438531963,
  "dms_mean": -0.9168823539532978,
  "dms_std": 1.5047420578151547
}