{
  "gene": "DNMT3A",
  "n_dms_total": 981,
  "n_evo2_matched": 746,
  "spearman_rho": 0.4570245320952317,
  "spearman_p": 8.949551279497786e-40,
  "evo2_mean_delta": -0.0031069942198234334,
  "evo2_std_delta": 0.0027383179656438107,
  "dms_mean": -0.3408722961346039,
  "dms_std": 0.3891016496339714
}