{
  "gene": "TP53",
  "n_dms_total": 3741,
  "n_evo2_matched": 2827,
  "spearman_rho": -0.21084186426220844,
  "spearman_p": 9.003056417646118e-30,
  "evo2_mean_delta": -0.002007726185896138,
  "evo2_std_delta": 0.0020290194410860387,
  "dms_mean": -0.05793678585113335,
  "dms_std": 0.7974719977860104
}