{
  "gene": "TERT",
  "n_mpra": 777,
  "n_matched": 777,
  "evo2_rho": 0.26694307094353037,
  "evo2_p": 3.827931682991451e-14,
  "tool_rhos": {
    "CADD": {
      "rho": -0.08075838921778603,
      "p": 0.21254093428050436,
      "n": 240
    },
    "REVEL": {
      "rho": null,
      "n": 3,
      "note": "too few"
    },
    "SpliceAI": {
      "rho": 0.0032322254422164627,
      "p": 0.9602721045008528,
      "n": 240
    },
    "ncER": {
      "rho": -0.21140441374244281,
      "p": 0.0005862732273871313,
      "n": 261
    }
  }
}